id,name,username,email,emailVerified,image,createdAt,updatedAt,password,firstname,lastname,skillLevelID
clwSge1LIne5COIufRgwuo1Hs,Fabian Dyte,fdyte0,fdyte0@discuz.net,,,2024-05-12 21:54:28,2023-12-16 11:33:26,$2a$04$z/9eL2LbKdOX2b6AaN4i3.U.GQBH6t4Or0NPUiqpSrZFTR2pKoJ6y,Fabian,Dyte,0
clwwXd9pdpTPSXCK9vJoYREqV,Rebeca Gobolos,rgobolos1,rgobolos1@zdnet.com,,,2023-06-29 06:06:18,2023-08-30 10:59:49,$2a$04$jEl15zFuc86Yi0eZ5BiEaeGwUNKGSBy67SbDW3gNDSFPn48GpbYzG,Rebeca,Gobolos,0
clwz3jJ8bXiwotxIYLiGTgAcQ,Joan Kisar,jkisar2,jkisar2@imageshack.us,,,2023-11-29 18:45:42,2024-01-19 01:36:24,$2a$04$v1yvfjoXPK3HEcSPZkUZdeU9RB7GHIn5uYIBRZiBRpzeg/r6s0gBy,Joan,Kisar,1
clwK5fkEwSUiDXqdAZxp6aWKR,Anett McQuillin,amcquillin3,amcquillin3@weebly.com,,,2023-07-14 10:37:39,2023-10-20 16:26:06,$2a$04$R48WORkK1dzs1hGdh2BZ4OUeUbQp6wdzqwRKJjaS4kpbgaLpUk0xO,Anett,McQuillin,1
clweQi5lqqDnxiLejd13WcNpJ,Robinett Frome,rfrome4,rfrome4@weibo.com,,,2023-12-12 15:12:34,2023-12-14 16:48:39,$2a$04$HbtZlIvI.y44UBh/PlmEF.Y/bt6NSOJ1rh.BmmECCo6AB3viNrxSm,Robinett,Frome,2
clw9IVP9vEn6VRDRYv9s9I45U,Corrine Dearing,cdearing5,cdearing5@baidu.com,,,2023-09-06 06:21:19,2023-12-06 12:57:14,$2a$04$8QiecfQ4WALWYjAWOroDeeoLkWEPtGxVoxi4SoXS/8zK6o5W1GXHW,Corrine,Dearing,0
clwW9hXuJi65gsiCHy3ySJ6sp,Ramsay Gurton,rgurton6,rgurton6@ezinearticles.com,,,2023-11-08 07:05:08,2024-05-23 07:38:59,$2a$04$Y5zlYwau7K979hgfUyCM3.2PsScPf.8UDIeuB6BG0myaC1JdBVpRS,Ramsay,Gurton,2
clwRIH1MywKjq5OGKSnWNgun3,Carmel Sacchetti,csacchetti7,csacchetti7@devhub.com,,,2023-08-19 04:34:02,2024-01-05 03:35:50,$2a$04$4JBXXpPUcirH69qrbWedC.QbXDD28stAwNBcjL7MScIhM6QWpIpfK,Carmel,Sacchetti,1
clwdc1jObAYDDnaSTO2USa2G5,Erena Cardnell,ecardnell8,ecardnell8@vkontakte.ru,,,2023-12-20 03:09:57,2023-11-27 14:54:21,$2a$04$aJTbXbEIA0pstzoBihkXJu.aS2dnTi0ySgbLtDZPXeHKaG8SIw5e2,Erena,Cardnell,3
clwRqi0m6yhkXckY6Mso7IU9D,Barde Reisenstein,breisenstein9,breisenstein9@japanpost.jp,,,2023-12-03 21:36:18,2023-06-24 12:45:58,$2a$04$lpnz7U4JzgNobrbZcFmrwOTB3r44DVKXrtcw3i.T.urKKgAQlSjjW,Barde,Reisenstein,0
clwew3r3SSoMBLaDptbTc5N1E,Analiese Currom,acurroma,acurroma@opera.com,,,2023-07-21 02:36:01,2024-05-10 23:44:25,$2a$04$TuVDmeTvWQbwQhOSwB1n7OpJ.oS2Gc6wMdSI425PJt53cvFxttjpK,Analiese,Currom,3
clwPs8s6ogwmkyHwMXpre80zq,Boycie Bette,bbetteb,bbetteb@chron.com,,,2023-08-12 00:37:46,2024-05-23 03:25:30,$2a$04$09rRpWq810ODmjGC4GdjP.v5c74e5CdoMrn412K65BTvM0/wmGUjG,Boycie,Bette,1
clwj1PGR4LPFGLFFuBx0pmGhK,Luella Pechard,lpechardc,lpechardc@multiply.com,,,2023-06-21 22:03:44,2023-09-09 23:28:24,$2a$04$DOSMjyGYqC/3hsZfFdwKu.WEPuSRwI35JI46hIk6mCC/gwrHhVIsa,Luella,Pechard,0
clwMkgvYUKikm6MdM0zUiXGO4,Mariana Vanshin,mvanshind,mvanshind@wunderground.com,,,2024-03-08 01:37:23,2024-05-01 05:00:21,$2a$04$DbvDa8OvkBXHT5fMWvOaD.susgiHvp1ke7qEesYuKM2b30x4tC.ja,Mariana,Vanshin,3
clwEcMIR8WYuavz8lEQqtW6C2,Devondra Degnen,ddegnene,ddegnene@purevolume.com,,,2023-07-20 08:26:40,2024-03-06 23:23:37,$2a$04$4znJUkqiGLpB70.Yp2vteuvdZTFz2N8yLe4mj4Nmm.L69XLtwMWzm,Devondra,Degnen,0
clwyntuv6e7S48RuVc9rQ3jzK,Lotti McAteer,lmcateerf,lmcateerf@1und1.de,,,2023-12-28 22:59:50,2024-05-06 10:28:41,$2a$04$jvVnw111l9vk74eGmx0dl.mdidpgMf80vo9OPCy5g7vrsEtOcj3/i,Lotti,McAteer,2
clwYrTDUj9QWvznka2cXR3N0W,Katherine Swetmore,kswetmoreg,kswetmoreg@adobe.com,,,2023-12-05 16:36:01,2023-09-04 03:20:40,$2a$04$9JLY2ynHSpMiCPA2gbpwq.6WRNAVA.VgJQWdHx.Of6qy8N24NAw36,Katherine,Swetmore,1
clwu470XndfdCwyJp5VzqqyYl,Walden Kuzemka,wkuzemkah,wkuzemkah@w3.org,,,2023-12-24 10:36:48,2024-04-06 05:33:49,$2a$04$r3teQ8hPtAmtKstJn1uGyu8iVJFl4FUWPklJ8r5ohs1XIcn4yCt/m,Walden,Kuzemka,1
clw3yMCjYo1a2sA5Va4WU4sge,Benedetto Stegel,bstegeli,bstegeli@icio.us,,,2023-10-12 06:06:39,2024-04-10 15:38:20,$2a$04$QzBTvITwQijuW0QkP1IyLex.lBmBPh/qXUndXOYlbbFVwGPWD2vsy,Benedetto,Stegel,1
clwoS0D0C9xrZUAQ37DIB5cZA,Brit Ainge,baingej,baingej@qq.com,,,2024-04-04 10:12:37,2023-06-05 14:01:43,$2a$04$hE3k4IRozSI18IOBCwoMiePxIj.n.ZjV4XDRX0Lh3ykU8v6PvFEZ2,Brit,Ainge,2
clwBRh5gpjIARF7eq9J2P24GU,Gayle Croisier,gcroisierk,gcroisierk@feedburner.com,,,2024-03-04 17:33:22,2024-04-23 03:55:41,$2a$04$SCF.Fo8/OFPE.7DhamhDseKcgTKa0WN3LQCkDfMTr4X0PvYkXjT9q,Gayle,Croisier,2
clwXjkAXEx4whBsenEddWwpTd,Rabi Culley,rculleyl,rculleyl@alibaba.com,,,2024-04-09 22:02:41,2023-10-21 12:25:14,$2a$04$AwPW4EJtTlpfcs5uoqHDhuKyf6nNAmotiy4RxU622p7inlzYRmtnG,Rabi,Culley,2
clwKepYW5YZTmPs5xrXu6Xm0D,Aurthur Skones,askonesm,askonesm@google.de,,,2024-05-18 03:22:28,2023-09-03 19:50:33,$2a$04$BwvTsO6bRZQV8RTExIbiGujWZ.rMIdM.3U6KvG97pythg4.W2D4fi,Aurthur,Skones,1
clw8bYSTfqnSrofbx4chAxtHE,Miles Bouzek,mbouzekn,mbouzekn@ftc.gov,,,2023-07-05 12:25:52,2023-12-12 14:04:47,$2a$04$YBpGAiipRTjJIRyClNmLA.5FMSADLBwNsF/6YDNgoPxu151cARw.q,Miles,Bouzek,3
clwZoFfuWj1r93kiP25BASYAq,Kayley Cordeix,kcordeixo,kcordeixo@yale.edu,,,2024-02-28 17:13:28,2023-06-08 06:27:37,$2a$04$ExRwuQ6bhfNR1aMfg8m9D.fV3sf9ILXU5cJfmnGmivKZQs59KyESK,Kayley,Cordeix,1
clwKMsm0SrVmFgDzYo0jcCqbh,Jessie Simyson,jsimysonp,jsimysonp@blinklist.com,,,2023-10-24 09:25:10,2023-08-05 07:24:26,$2a$04$lavoE5dF5q0FdIu.BsWxre8.N0SrB/IeonxzlagCoJJizvp.oJt2W,Jessie,Simyson,3
clw3WIEeiM3vIt0LtTAoywjke,Erna Balmforth,ebalmforthq,ebalmforthq@1und1.de,,,2024-02-07 20:25:52,2024-01-13 15:42:08,$2a$04$aXNnCMVMAN8Abwqfh7dC/O92LauMYNl0T5HIGSW.Mrxps.FlT4O2a,Erna,Balmforth,2
clw1HeDE8Uz3K1BeBmhkYUfTF,Stearn Naris,snarisr,snarisr@webnode.com,,,2024-03-31 12:01:50,2023-08-07 10:36:37,$2a$04$scZlB9LHEv.msvyyi9URU.b.Rb.HWQqCHbCmLAHW45/FvGq23Q0sC,Stearn,Naris,2
clwP39XGxmRtDwUv0yn44yW5G,Freda Barwack,fbarwacks,fbarwacks@chronoengine.com,,,2023-09-05 05:32:42,2023-10-09 10:51:26,$2a$04$52KV.DHI1MHX5R9YuE1JduMDh/KflxrvQnDv7iJl0COwS1e7KhYsi,Freda,Barwack,3
clws09lfw0uhXSNrxbhZP5rfH,Billy Matityahu,bmatityahut,bmatityahut@qq.com,,,2023-12-16 17:02:12,2023-11-03 20:48:34,$2a$04$nnoO3FeKe1d8cYrpodpZFe59OOEPEhFsCLCLWW.P3KwuFIWh6sC9q,Billy,Matityahu,0
clwzuyJSCcPGvxTsuUKXeXaqj,Jarrad Cubbini,jcubbiniu,jcubbiniu@sakura.ne.jp,,,2023-09-18 15:57:40,2023-06-21 15:25:30,$2a$04$ioRsC6V2epTG40CngGHS3Oig26sn03YWrd3SqOcAo4r7uSEcoqO2e,Jarrad,Cubbini,2
clwqZcIpvPX6Lp3AUeAel56N2,Kayla Monckton,kmoncktonv,kmoncktonv@reference.com,,,2023-12-12 07:29:25,2023-09-24 16:08:16,$2a$04$Ydrp8IcId12RxLUb1TtFEuMk1mTfwzOBxhJDcqERlSk/iKH60X4FS,Kayla,Monckton,1
clwXX4vjJmzgWtR2cw4hXjpPX,Andi Geertje,ageertjew,ageertjew@imgur.com,,,2024-03-20 05:03:26,2023-11-04 03:02:24,$2a$04$jPEjLA0cDlUJkTvZIeo1oeFa16CEVSBou4wslFIjf31/GUxiriB8m,Andi,Geertje,0
clwqWPyxWFhq9CjpN36SEXswP,Stormy Sille,ssillex,ssillex@vistaprint.com,,,2023-06-03 04:50:57,2024-05-19 20:16:26,$2a$04$3L.OZI1IA.4XAdl3Hpe2p.xLrxo08a7e4APGrHfnBFGkR/tlyQCdK,Stormy,Sille,3
clwoTGp2MVHDUlKMqNwUiCtrL,Annemarie Beade,abeadey,abeadey@simplemachines.org,,,2024-02-22 12:46:57,2023-07-22 14:04:45,$2a$04$EKUgL1X8OcdZx1EChsbSnuUgm1t/uJh1/phlmjF8xJHKHBShGHBIq,Annemarie,Beade,3
clwxrdDVsi14oCqZcV4GKnAnk,Isis Minocchi,iminocchiz,iminocchiz@gravatar.com,,,2023-06-26 10:37:58,2024-02-24 21:25:41,$2a$04$TooVFaT/yb/QVUn49MVF5uUq5TP.odaQXEwqnoQjC16niH6EoKohm,Isis,Minocchi,1
clwkgzTQLEb6pssMsCvKI4sdJ,Shaylah Loadman,sloadman10,sloadman10@twitpic.com,,,2023-07-12 04:08:04,2023-07-10 01:57:34,$2a$04$y6GPWobfhLJZAeFmgWJxaeJmUi1I7GJGEqX65aJTU9hEngaOSrQRa,Shaylah,Loadman,3
clwERzhV91hE0HnkduLRIBjAl,Rosette Hatchette,rhatchette11,rhatchette11@feedburner.com,,,2023-11-03 23:26:04,2023-07-02 19:21:36,$2a$04$zky7nLknjP6G6zVBaMNutu1RqBnDScrNk29EmSYwvu7/oGOp6O1em,Rosette,Hatchette,3
clwhBASQAYymaFgHioDZcRr2d,Stephannie Fabri,sfabri12,sfabri12@indiatimes.com,,,2024-03-11 13:52:58,2024-05-24 16:26:28,$2a$04$ElHXyZHT7G/gVx8wVnE8lOxEMh4A3P0FE04FjAR13Q.Lnx9vWs39m,Stephannie,Fabri,1
clwy5674d6fb39JrgQ3lLene0,Cully Richings,crichings13,crichings13@phpbb.com,,,2023-08-14 15:38:20,2024-02-28 07:44:45,$2a$04$NYyRwA2p/AnWac0TRWJctOUkx3pOq4yl.mAANdoNtamdLM.VQtq8C,Cully,Richings,0
clwXIx1bSj4g6BCNhnpTRaQfJ,Cully Asals,casals14,casals14@opensource.org,,,2023-11-21 14:30:28,2023-07-05 06:29:01,$2a$04$MFKhfAf.KqtBrtnVuWB2vuf9cvBPSocwd9dyqvTCMgHOZAWvIJ1SO,Cully,Asals,2
clwiMSEntN2Su9QzHdWD2T7dP,Sansone Rolland,srolland15,srolland15@techcrunch.com,,,2023-10-04 04:20:46,2024-03-13 17:52:57,$2a$04$XbVDNPValJZwKTFD5iR2UuJ7q2ffBgrsDaUyaM2.Je1jCE1C3f/PC,Sansone,Rolland,3
clwnsoP4LV9SbMFP7tjxPS7xk,Kimberley Boot,kboot16,kboot16@scribd.com,,,2023-07-21 01:31:57,2024-02-12 13:58:25,$2a$04$r/M1rcVXhVdDBViHLmsLwueVJCb4Nhjh1vla08a1TQY4uyp2nZdc2,Kimberley,Boot,2
clwZAfV7Pd2aED3GQNxDBZDqF,Max Dallaway,mdallaway17,mdallaway17@sun.com,,,2024-02-07 12:18:18,2024-05-07 00:20:35,$2a$04$7rebhQ8lNQ3fF7mItCpWBuojr.kP6Lauk2qm89A121sLqF6oBcPjG,Max,Dallaway,1
clwkUUr2ADSkFnu9fIK8Em6jC,Denice Walden,dwalden18,dwalden18@godaddy.com,,,2023-09-06 21:23:05,2023-08-22 21:53:45,$2a$04$99GZIkLpbzdkL4bB2nIKQuCo3YnnYme4mt26I5T4dZAhsDEA/zdI6,Denice,Walden,1
clwXT1tNQkxHwRv59SHzQaYBi,Brody Uff,buff19,buff19@mac.com,,,2023-10-29 07:29:35,2023-06-06 13:28:51,$2a$04$XZscC0bYp.COEQR9pclmeu.4ibmnzSFfXfZFmGSAJurGf2CIMyglK,Brody,Uff,0
clwhoA1KBmqYFe2m8w82pwXGi,Giffie Robe,grobe1a,grobe1a@cnbc.com,,,2023-11-04 17:25:48,2023-08-31 18:32:47,$2a$04$/vcOZGCvi4qx3JdWl11AJOEk3YHRoFLxejQJmCzHXeETZ8oCV8Tm.,Giffie,Robe,1
clwavAtV1GiwjAwR7yXEAVYY4,Jacob Slobom,jslobom1b,jslobom1b@ow.ly,,,2024-03-31 01:49:14,2024-03-20 01:05:16,$2a$04$fudPAdD3./GhQ3.xlSyyj.BQA.sJuTn.G4F1wIsA3RG/coRQ6LhW2,Jacob,Slobom,3
clwSeVYbsSkoQL4vjNlTGgtUD,Doroteya Trustram,dtrustram1c,dtrustram1c@scientificamerican.com,,,2024-01-26 13:39:31,2024-03-22 11:02:28,$2a$04$hY2TPbWjEhb/yOQ8gZXdiOb85YbLSmW91GzfCdU2/Yi.UbuPr8Xou,Doroteya,Trustram,1
clwIHRhWhd8i0TIPyXmVkScec,Tammara Dallon,tdallon1d,tdallon1d@google.nl,,,2024-02-24 14:12:51,2024-05-01 17:35:39,$2a$04$jzQNUOmkvWTKxOQg/dqgBultIllUn0blcPrkHStV7GBHzttIdAxly,Tammara,Dallon,1
clw4eE1bHyU1y4pbK09q7XzuM,Bruce Ramos,bramos1e,bramos1e@ox.ac.uk,,,2024-04-28 09:59:19,2023-10-22 02:58:23,$2a$04$KkJXjlxOIKKHRgLAs0tC9ON.B4EjSjw06yWcKYLeabxtij3QulngO,Bruce,Ramos,0
clwkYNTSQdzuDxXK5UMzLuqAx,Sandra Poleykett,spoleykett1f,spoleykett1f@examiner.com,,,2024-03-13 19:16:01,2024-01-17 09:20:58,$2a$04$2ELFBtNanFWN0DizWqrEL.X3MwEc32D9iLrz9mhNR/Zx03amld6Ie,Sandra,Poleykett,3
clwzExk1qJfjIy5ikrQwVwjd6,Naoma Lotherington,nlotherington1g,nlotherington1g@g.co,,,2024-04-22 22:41:19,2023-08-18 05:07:16,$2a$04$C9d6i/U5iEjTttw8.QFUo.w6IlYGnJq4D2zG6tTB8FYSfyeQ0UKXe,Naoma,Lotherington,1
clwuy1ZABNJoNIDAlWUUrxwZv,Rania Mohammad,rmohammad1h,rmohammad1h@posterous.com,,,2023-10-03 00:21:02,2023-11-07 00:35:02,$2a$04$1JCOFWkw7i7klOlTzyVeWenxNs5cMGIKupexwMmFAILd/xZ8HsnHS,Rania,Mohammad,0
clwP7kBrPfrtE2ojLurMPKxle,Shae Lamden,slamden1i,slamden1i@issuu.com,,,2023-05-29 11:01:49,2023-10-16 03:37:00,$2a$04$iAN2CojPtL1vajU1.9JwAuwfZUIX6UZab4cEEbf8Z.Hc1IzGdKkMC,Shae,Lamden,0
clwi063drl56BzBmbZta0Cgwf,Brnaby Allmann,ballmann1j,ballmann1j@dion.ne.jp,,,2023-10-26 07:00:24,2024-05-24 14:38:12,$2a$04$8asrTI1FhmZPvEYfc1B/ZOisetXCZ2kAMN1EMKlU8JFZF9biBxKYG,Brnaby,Allmann,0
clwXwUKoyAAgsnofSfITnREvc,Del Balchen,dbalchen1k,dbalchen1k@1und1.de,,,2023-10-15 12:41:16,2023-11-17 14:35:37,$2a$04$1734Ah1zJNDoeARR4vC8UuPZl1Trbsl3enyGrPSO1fvQphsxcS/Dq,Del,Balchen,0
clw5VrLBACzkRsaTyOI1xhdYn,Peggi Spinage,pspinage1l,pspinage1l@creativecommons.org,,,2023-10-31 14:38:25,2023-09-23 10:38:45,$2a$04$Z14MEz3rE/zXcVBrU0uqKe63e6fDRhPw7aq3KDrQoLPBJ8RxP4xOG,Peggi,Spinage,3
clwCuEDujVT7KJPiIP7p3rxxM,Yelena Cornock,ycornock1m,ycornock1m@si.edu,,,2023-10-08 17:08:10,2024-02-23 22:15:47,$2a$04$LhKm7naRrRXH1141TAHxs./OEyMDvctajcAZVP2kYBb/Q9NMmbjhe,Yelena,Cornock,0
clwAc4TitosU7oGNaG8ulZYiT,Ramonda Mc Ilwrick,rmc1n,rmc1n@ifeng.com,,,2023-07-16 23:57:00,2024-03-07 20:43:46,$2a$04$SlZeb34GuAT7JdUGuT0mU.cYYzYY4IPjL4u5gb3I9brGVbniEK6Si,Ramonda,Mc Ilwrick,1
clwG1pXx2YoCovX4OorlnhFbI,Lanny Pegram,lpegram1o,lpegram1o@unc.edu,,,2023-11-04 11:58:51,2024-01-26 05:28:26,$2a$04$akJeXwUSxwZq8XRNnsFST.9UORn1elSdT.Gcps8VEWgROBgOuzu0.,Lanny,Pegram,0
clw9OlSnZ8wlN6gVZOwGzEiGb,Onfroi Kettel,okettel1p,okettel1p@ibm.com,,,2023-06-15 12:24:12,2024-04-23 07:47:58,$2a$04$ZywsjRrH63Sch5vGNNmHEuIxQBPhFedg6gEK8PiOk13fkAlJT/dEi,Onfroi,Kettel,1
clwSKBXGxHxB7PS7UKr9A5epB,Spike Strathdee,sstrathdee1q,sstrathdee1q@cam.ac.uk,,,2023-06-16 18:00:15,2023-11-12 19:45:57,$2a$04$uMF7B7P5LudAzv3/7Z1v/.BeGGIxTwO.veBVDvOR7p1OpcaoEkqsq,Spike,Strathdee,1
clwoaPhfO71GnO2o0Bt4cGK3x,Worth Cormack,wcormack1r,wcormack1r@unesco.org,,,2023-12-29 22:50:23,2024-01-13 12:26:26,$2a$04$YrwTecwg3t3VSwR2/LhuwOzjGDyCAL5xllHz/kem1W9LeImF3SsJW,Worth,Cormack,0
clwrMcjB1gaRAWoRcQpRjKtZu,Win Geraudel,wgeraudel1s,wgeraudel1s@census.gov,,,2024-01-03 21:44:41,2023-06-14 12:27:43,$2a$04$rNz/nUlG5M5fFaFdkfSYrOtglvZ0TXYDZlJ3gVl.tGput8.8IyCqK,Win,Geraudel,2
clwb7BZIKHII5lI4owHTBoAI9,Basilius Canadas,bcanadas1t,bcanadas1t@opera.com,,,2023-11-23 13:54:50,2023-07-06 06:37:34,$2a$04$i84w6.W.7Uj169Ola8v0DejBJURrJaHH3QF9TJKihky7GavWzwqly,Basilius,Canadas,3
clwdrFCTspEPe7YjxQWJPKfIm,Mira Perritt,mperritt1u,mperritt1u@goo.gl,,,2024-04-24 17:25:00,2023-12-14 12:30:46,$2a$04$s7bdNe7AjcISaFR5R75HNuN5qEGGWQ8BTGBbvQ/30n/c1shg3DhRG,Mira,Perritt,2
clwlRjiWhg1KbX2LRcw4gCghN,Sabrina Pybworth,spybworth1v,spybworth1v@alibaba.com,,,2023-10-29 23:44:12,2023-11-17 09:46:33,$2a$04$KusxVi/q67EcpFayqULdwetxkjIRvgmJVIe1t.S5HvXakPPox1Cmi,Sabrina,Pybworth,1
clwMJp2piLAw2tI6JYwvKV5MD,Jamaal Korneichik,jkorneichik1w,jkorneichik1w@aol.com,,,2024-03-02 15:38:07,2023-07-27 16:52:14,$2a$04$UJnEgsoNNpOa8jBCQO7rv.AGQoxxz4rhfIrJFky8XjwktX4O2ZUSS,Jamaal,Korneichik,2
clw8Osugh7th6TWv57sotnBLR,Leighton Constantine,lconstantine1x,lconstantine1x@mashable.com,,,2024-04-10 11:09:42,2024-02-25 14:54:07,$2a$04$5jL4hHldLl.OJPHjbf4Vc.Kn5GpYvpn2sUR8kdt4PVA571EKRAeBW,Leighton,Constantine,2
clwXaUCHsr9GqAIakK7PS5nfC,Arabele Jacob,ajacob1y,ajacob1y@ameblo.jp,,,2023-10-29 17:37:10,2023-06-01 05:12:25,$2a$04$FNi0FS5YqJSs9eqjw5LQ7ekq.X.VXwiDB9HtbW9no6mEw6GH3.EMu,Arabele,Jacob,2
clwRZe8mVOJbCi4DTpWgChY4Q,Maxwell Kment,mkment1z,mkment1z@themeforest.net,,,2023-12-14 15:59:39,2023-09-20 17:00:49,$2a$04$/ktOms0/HjzPfKZwuHbs9.idRuWlKj9W3ISsOWxvzB2mscboB4ahe,Maxwell,Kment,3
clwi8lbWEKNmsrbRJYKOJhaZw,Kore Frankish,kfrankish20,kfrankish20@dailymotion.com,,,2023-08-05 15:12:04,2023-08-22 06:16:46,$2a$04$GRQGZ3XRdc9SY1pcmw0lVODspyjFBOemMXar9K/bbsp35/Iv7PlVa,Kore,Frankish,1
clwLJCG0EPFj4iuxA9gTxJ8Y1,Eugene Tompsett,etompsett21,etompsett21@people.com.cn,,,2023-07-13 09:14:52,2023-09-24 08:23:45,$2a$04$Fhsa2QWs20pYToplJJe7Nu1KGbmrq9JtDZWo3Yn4iCtGWnTlrRoSS,Eugene,Tompsett,2
clwzfQynU59ETzkl2VKWCAmz4,Arlinda Cadagan,acadagan22,acadagan22@nih.gov,,,2023-06-27 18:38:30,2023-09-22 02:27:02,$2a$04$QlzezmZGe7Vimah3/W2ZSOaFqg/9CXqiikfNp5qoHdTy.4puZPX5q,Arlinda,Cadagan,2
clwwci8jaz4GtX86Ry0BF5yBu,Amandie Tennock,atennock23,atennock23@free.fr,,,2023-07-02 17:41:18,2023-09-07 04:58:00,$2a$04$hOKvfObiFKZ7bqEp61V2u.yk5k5nyUZ0zA9fQ1IQCIibHLF5qxCVu,Amandie,Tennock,2
clwAGDaG28egJutrPfSQm24kK,Wenda La Wille,wla24,wla24@taobao.com,,,2024-02-01 10:37:50,2023-07-05 02:35:13,$2a$04$64FvcbDpbB2QNwvrnyuJHeESI1QV0WyNgHa81O8B7HxFQ1nzPz1Ku,Wenda,La Wille,0
clwqH3Xhxp98hxJSdMMeNz0PR,Ali Wastell,awastell25,awastell25@tuttocitta.it,,,2024-05-04 23:06:49,2023-12-11 22:36:45,$2a$04$5cy5kG.gGoGCTqRArZszhOC2V0L7pbjTDmrvwstfrczO3TU6ubor2,Ali,Wastell,1
clwcq6umCvZYaSTH9dtuwxTlJ,Andreana Lamar,alamar26,alamar26@cpanel.net,,,2023-08-29 00:51:41,2023-11-04 21:46:14,$2a$04$MjKAfHs0RmD5iym43vyMIeA0G.OYC1GvbAIS.GN2yKOonhkHtkrWC,Andreana,Lamar,2
clwYO3pxKT5R7HUZB04UctWLl,Johna Pook,jpook27,jpook27@apple.com,,,2023-07-23 15:17:46,2023-11-13 21:17:17,$2a$04$9SnaigVyqsj.SbkpDhq3J.aIJljQ0GRuq1jSa9trXO5wMoxje0OQG,Johna,Pook,3
clwkysSGKNsCFdUTGFRFiGj8j,Margaretta Stollmeier,mstollmeier28,mstollmeier28@google.com.hk,,,2024-03-22 20:24:14,2024-01-09 02:27:57,$2a$04$sCaJVl1Usex2q2fB4ecUyO3rtYE3dlbdZIf7E28p9t49oAq/baM3m,Margaretta,Stollmeier,1
clwZ7cJTv9khIG9oFEfdpFog4,Michale Fain,mfain29,mfain29@mozilla.com,,,2023-09-24 16:55:16,2024-05-17 20:38:09,$2a$04$xEA92uecWwfUNpJmfsn/MethMrdahhx4WCt/h0jeM94C3PydvX9Ka,Michale,Fain,2
clwW8IxZY3Hrx3jW05m0k9evS,Levon Danes,ldanes2a,ldanes2a@vimeo.com,,,2023-07-28 02:50:59,2023-10-17 07:11:40,$2a$04$UT2AfPSbLId5LIDkGulfsO.MBfjEXSHB/fJpYucUNZojk3msGDjCi,Levon,Danes,3
clwkjB1VkscDbzRaMr2WwYqCp,Zola Gavan,zgavan2b,zgavan2b@example.com,,,2023-12-10 00:40:29,2023-11-02 04:05:30,$2a$04$rcrvikNjvOa9bT3DPBa.UeIUiGL1rvZfDd6zO83TIF/OoQBCpSgp6,Zola,Gavan,1
clwZLMZcOwX85Qh9WAD8a7Dqm,Deck Stanbro,dstanbro2c,dstanbro2c@weebly.com,,,2024-01-15 23:19:02,2024-03-04 12:38:28,$2a$04$BnKKJcQfnX8D.6sO3xoOx.njUQtPeYfpkRwf1jDcTJ21BFaQmrJ4S,Deck,Stanbro,0
clwKvTQ1eKFmzUFMX2o2O8GSA,Jolie Jacomb,jjacomb2d,jjacomb2d@oaic.gov.au,,,2024-03-17 15:42:12,2023-08-24 00:51:32,$2a$04$WPP/01yIoOwuBDc7EHgE1egfRLoCEYf2F.tEDBeSwpEo8nH.O5eum,Jolie,Jacomb,1
clwutGTULu953HlFWfAAhRe2Z,Harmon Stoving,hstoving2e,hstoving2e@jalbum.net,,,2024-03-07 07:44:14,2023-10-13 17:58:41,$2a$04$fhYuv0gfbSBdTDTnHBFTaOWU/5gifSLEaehmn8.vuAM0e/qLox/pG,Harmon,Stoving,1
clwu3T3Nl5ceAXiypoMlzj285,Red Barrowcliff,rbarrowcliff2f,rbarrowcliff2f@symantec.com,,,2024-01-04 20:34:12,2024-03-08 07:42:25,$2a$04$2CpfLKM0SkS6LbBUAHEkq.gKCOB//Auu81RsJC3ux/aOrNqySZ7gi,Red,Barrowcliff,3
clwl7hXsc2dy7NUovNrATwfzN,Starlin Wyldbore,swyldbore2g,swyldbore2g@mac.com,,,2023-06-18 08:47:20,2024-03-17 13:04:41,$2a$04$TInDnjCWCooTcvM6bP8a9e1rJiTxGwjFfYyO2BSYceuPS0fOpKahi,Starlin,Wyldbore,2
clwAvhgTJuIKhHGiACCzv57DT,Barrie Elks,belks2h,belks2h@soup.io,,,2024-04-25 23:10:34,2024-01-16 13:28:37,$2a$04$3TZNPCZyquA9vJlG/0QPJOc3WtaD63EGi2twGQR5AKxNHsHAP8fjW,Barrie,Elks,2
clw3xhzKT6JWndhxo78xogFU1,Daffy Bawme,dbawme2i,dbawme2i@dailymail.co.uk,,,2023-06-27 07:32:52,2023-08-02 19:29:52,$2a$04$wdrvdTtzfZn6VAPcrIodcurd0OnT7LoNkxme2VgbisXnvF3x3obqe,Daffy,Bawme,2
clwwGYzFfZ2QEJ7Y70kVl88UG,Merrile Fildes,mfildes2j,mfildes2j@deliciousdays.com,,,2023-11-01 19:04:29,2024-01-30 06:14:48,$2a$04$Bwrw4EOLK1L7B2MTS0AbA.cTkn.80shBLzQU4xtx7jFyPJ7NTJu6C,Merrile,Fildes,2
clwQgFW0j7METJsNBXSq1CDg8,Kyle Fullbrook,kfullbrook2k,kfullbrook2k@youtube.com,,,2024-05-01 11:03:34,2024-02-05 07:51:34,$2a$04$E3jDhdVSF7KF5.0erbZXy.DiYPk9aw.uK4mKRcEe9z0TqvtlfLxi2,Kyle,Fullbrook,1
clwW5biB6Pot2Ges4hfOa8mX8,Olivero Pree,opree2l,opree2l@opera.com,,,2023-11-12 08:50:45,2023-06-30 17:30:24,$2a$04$r4RQSdB3i1JK5Y3QOQ2oyOtB84.SLhqeKYSbwsVCR3RG53ywwXfg6,Olivero,Pree,0
clwuEiwM0e2hhtrjQ7Pe8CZ9i,Nonnah Matterface,nmatterface2m,nmatterface2m@skype.com,,,2023-10-02 11:34:22,2024-03-23 02:19:48,$2a$04$bL5X.hcP0PF.oJ0oGuUrxepYUeDysb7rRuWgWHbGD3mBi8Yx7AnM6,Nonnah,Matterface,0
clwxAftycpIJUhV2H9tLmHAt8,Izak Travis,itravis2n,itravis2n@techcrunch.com,,,2024-04-11 07:52:07,2023-06-21 20:55:17,$2a$04$q4oZalOcyHW1DWxIdL1WvOYrNWSkLCnui/NvbglUW2Ldkoj4eXnL.,Izak,Travis,1
clwebd5CZj0pP5balgoww3VP4,Myrta Merrell,mmerrell2o,mmerrell2o@examiner.com,,,2024-05-22 18:32:14,2024-05-26 16:58:07,$2a$04$F1D0iyWQUyAO8kouhctdqu4QO3lnvonRlmp/GBxm/5sg3sEFHi47e,Myrta,Merrell,2
clwWabtTyuu49zNiOehz3xSzs,Erna Kiebes,ekiebes2p,ekiebes2p@cbc.ca,,,2023-08-13 06:37:33,2023-07-25 09:24:45,$2a$04$jFkMUC/aUYvyT5pILuj5jesn6lA4qoCEGCV3hWoRpg/3CUfUzFjH.,Erna,Kiebes,1
clwfLDWnF99KwSt0aDkFn8je8,Biddy Littley,blittley2q,blittley2q@earthlink.net,,,2023-07-05 12:41:03,2023-10-24 04:27:56,$2a$04$oD3277zQRZ6sG.IDWzXUBeLIWuYhbSBGCFjVaRrJXFklCqL9PBc6u,Biddy,Littley,3
clwbPT95gh0q84aO0GVgNXPZw,Graham Libreros,glibreros2r,glibreros2r@goo.ne.jp,,,2023-08-30 09:38:28,2023-07-22 14:45:15,$2a$04$uKcr/drqqU1gxKXOsaudaOpogkHptz8mwsY2S.NxzLdIG5HuSOyB6,Graham,Libreros,3
clwR64WzQMBqlj9YRZdrT1mla,Eadith Doers,edoers2s,edoers2s@paginegialle.it,,,2023-07-16 12:42:42,2023-10-29 21:22:40,$2a$04$5RC7xsslwvjHdNoo2s1pIOYZOw3MP4zDjRfFfJs6/R8685To2cjAe,Eadith,Doers,3
clwivWPsUoCfpszgfaon2Ocl2,Rycca Buckthought,rbuckthought2t,rbuckthought2t@noaa.gov,,,2023-12-21 00:00:23,2023-11-23 05:21:22,$2a$04$VgYXSj4X.71vnHn9VTdfgeBlEcXB8m3fzGJiBbTWFRVLTolveABnK,Rycca,Buckthought,2
clwk5rBxUJSnlhIV4tOb1C4DM,Jilli Godin,jgodin2u,jgodin2u@last.fm,,,2023-07-12 02:53:10,2024-03-19 07:08:39,$2a$04$9kAN.xe7pzfwKUxbjTg92OTnSMN3q2TMXTBKp95pNwFwFFcL1tMEm,Jilli,Godin,0
clwczjDgBO9qnr5ksQoGB1hcn,Naoma Trytsman,ntrytsman2v,ntrytsman2v@prlog.org,,,2023-10-06 00:27:35,2024-03-02 22:45:01,$2a$04$KNwUFXL19U32Xv00W51Me.yeNZk8ZGE0OijMax7kzn0J3hzGpGCkS,Naoma,Trytsman,1
clwThhznNIwkrpHrUmxreW4Yq,Alexina Ogborn,aogborn2w,aogborn2w@opera.com,,,2023-11-25 01:10:33,2023-10-09 05:54:54,$2a$04$mkv7osR6rU5u4inteLyxKuCVwiPYwW/aV3hvECQ0p5UqqeFF5TtvK,Alexina,Ogborn,3
clwV1VSA5PzZrXC2azIsEAqGk,Shanna Godfray,sgodfray2x,sgodfray2x@google.com.hk,,,2024-04-09 06:55:14,2024-02-14 04:39:33,$2a$04$9992GUfBdZ/UXjJBw6nwk.re3Fw9LM9o3TjOrXxzJ25GgFEoxHMlG,Shanna,Godfray,0
clw9aa9RQRjJ2E16pIi3XcVb6,Kori Brane,kbrane2y,kbrane2y@whitehouse.gov,,,2023-08-01 07:32:58,2023-09-19 12:28:33,$2a$04$hReOrv6WB4mUbx1RmUewF.omoHKUKBzj3aKB6IB3idyHT/6l8AxkS,Kori,Brane,2
clwFfRGuvsUJo7B9NXW0DEdqR,Shell Livingston,slivingston2z,slivingston2z@chicagotribune.com,,,2024-03-03 02:16:36,2024-01-06 14:14:49,$2a$04$fcFsZK92hP8oViPJt5WEUexYZZzyPrQ1J0BQggr6j0tnV16n3mSpO,Shell,Livingston,2
clwaLAE1BIAJTnuDP0mgQczXX,Jason Dulinty,jdulinty30,jdulinty30@ebay.co.uk,,,2023-11-28 22:39:48,2023-06-13 18:40:05,$2a$04$lLbU5xTCj6V5xM8gwrvCQuGDHQTCcoy3csU6tHXG5aD2r.zsFD2pW,Jason,Dulinty,2
clwX2luN9Xic4i6pqwwDZZUu1,Ty Ortler,tortler31,tortler31@weibo.com,,,2024-03-25 13:40:09,2024-03-06 23:13:30,$2a$04$lhKKVBSJdl66FoFrktVtUOVDBg8yx0c/ez7NlXu0k9YXcE40zJhoq,Ty,Ortler,1
clwfbteWmgy5Ilgwr6dCxxVqa,Pascal Ehlerding,pehlerding32,pehlerding32@usnews.com,,,2023-10-31 18:41:43,2023-06-23 11:25:26,$2a$04$PhcOYygHsEJd26bsG0hOEegmpLXimIARTym4Bryr6bDwOSFQSDFHW,Pascal,Ehlerding,2
clwO3PMs15XEHlhwduDhzpFPw,Kyle Slyvester,kslyvester33,kslyvester33@dagondesign.com,,,2024-05-20 08:03:35,2024-04-17 01:24:46,$2a$04$zc1N/Zti5SVGMZDptV9/cOmP2/hradAjQRE/yHMglzOpRPv6bEgr6,Kyle,Slyvester,2
clwqkaAsUz0h7zsg6n6ccYldU,Lonnie Heephy,lheephy34,lheephy34@google.cn,,,2023-07-05 09:13:49,2023-08-09 13:30:07,$2a$04$JPR1a5E2XFuJ08mwDvRuceB9AIhXXigRZO0jVPe5IMxyky/pkBB5G,Lonnie,Heephy,3
clwRNEGM3LdtcpmD5d16ZWME0,Ashleigh Haggarth,ahaggarth35,ahaggarth35@intel.com,,,2023-10-30 18:13:19,2024-05-03 23:01:51,$2a$04$VqG.QpB9hPqInPrN2YjzU.6yg36EfaVPNwY2i2.alPbSVM2xSNHWa,Ashleigh,Haggarth,1
clwXj2eLPWYlTmzldZY0SOziO,Mildred Aspinal,maspinal36,maspinal36@youtube.com,,,2023-11-05 18:19:55,2023-12-01 21:42:07,$2a$04$YXDeTbiE2HgRVb/8ydrgZOcXUTO/GrE0YfcnpxOecdzuC6qEVpyIK,Mildred,Aspinal,0
clweZmOhKdogYfMRV05jbxtER,Leese Lerer,llerer37,llerer37@engadget.com,,,2024-02-29 18:31:45,2023-12-12 05:14:17,$2a$04$HX1NqoOYokK84ukiEGyzhu3LI.Fa0SsZudrCMECVP0BhvKQ17ukw6,Leese,Lerer,0
clwNwBofVcBMKjJhHJW75PvEY,Jacenta Veronique,jveronique38,jveronique38@loc.gov,,,2024-01-22 05:17:39,2023-09-15 00:59:26,$2a$04$gY/2PJ5UcKI.HcuW5dyPle3gdOmrb.b25i2246eg7.9.SZEOmBaBC,Jacenta,Veronique,0
clw5gO8WpU2wrFXx5cnOWhMNB,Gordon Craiker,gcraiker39,gcraiker39@twitpic.com,,,2023-05-30 13:52:41,2023-10-02 22:00:59,$2a$04$e3oy./qF1.l7jb7MK98xbuSJkF09tgVjdqHMAJGmXTJS8Opg1B8yC,Gordon,Craiker,2
clwEVYhlM5Nx0FOw19sbkkQ6Z,Thorn Worsnup,tworsnup3a,tworsnup3a@soundcloud.com,,,2023-08-17 07:01:17,2023-09-16 15:32:17,$2a$04$ups29KE.WAD78jE7K1a3L.j3yq7tmcdEQPpQrHPIOl6/vAobRIwvG,Thorn,Worsnup,2
clwcVPDIJsJfNiVP4X4WZDtj5,Hillie Daubeny,hdaubeny3b,hdaubeny3b@berkeley.edu,,,2023-08-31 08:27:11,2023-06-01 13:53:35,$2a$04$4YaZuMttNxrhfTm4DLwYx.YE7tgRzG4YiHr4PHwdgs.oSF90LLiPK,Hillie,Daubeny,1
clwUG9BuU1V7Qpb09ciJl6gbE,Lisbeth Virgoe,lvirgoe3c,lvirgoe3c@ocn.ne.jp,,,2023-07-02 12:28:50,2024-02-22 15:24:11,$2a$04$XpgJhCSN0sdFnX7fufruB.dwZNWXwTgkf9ljwO801sp6uXzl6l/Da,Lisbeth,Virgoe,1
clwn2GdUQNO7E4izYL7yvGOdy,Cairistiona Piotrowski,cpiotrowski3d,cpiotrowski3d@wix.com,,,2023-12-16 22:02:14,2023-07-24 01:24:40,$2a$04$Y3C8Ho0Kbleje1N1c7.O4e5SL8RLziSc078ntDugUzA.hThOvSmaq,Cairistiona,Piotrowski,3
clw2iwAgDGYNpZtjjJiYV0Ecw,Cazzie Jertz,cjertz3e,cjertz3e@cdbaby.com,,,2023-09-07 02:47:41,2023-06-13 09:15:16,$2a$04$FiHzHm6JFPbHY1ymJSVKh.i7KRRSt1XmaGcFDmOgkXO.RpWbSGKhi,Cazzie,Jertz,2
clwXY31hmtN7w8bfPtnbgtPoQ,Carlo Enser,censer3f,censer3f@moonfruit.com,,,2023-10-09 03:13:19,2024-04-16 15:34:45,$2a$04$a03u9Ug0n4zp0HvY/M7BZOReU9ZtDh8EcUM2J3Y2aDbArymWCGlsK,Carlo,Enser,2
clwawYCqcttQSaj4itslPsQQU,Calypso Maroney,cmaroney3g,cmaroney3g@mtv.com,,,2023-11-04 11:52:25,2024-02-10 05:34:05,$2a$04$zt2eMZ7Oicg8XKc0F9afJ.kz3/IGNBjFT5zuoKlK8pyudWP534SGe,Calypso,Maroney,1
clwbnkmfDjaaTnoepnbljoGyh,Basilius Clay,bclay3h,bclay3h@vkontakte.ru,,,2024-04-23 05:25:09,2024-05-21 21:29:47,$2a$04$SfygqVVXYUU1sysd42Qujew208y2aKH/2CJFBXkTM0/DqKdAGx5/a,Basilius,Clay,1
clw1dZAlFqRGjcchPColJTUFw,Alica Parnham,aparnham3i,aparnham3i@vistaprint.com,,,2023-06-22 17:24:31,2023-08-30 20:04:05,$2a$04$cqtyTdBzQXbuZSEoexBXYuyIik.zdwkiHJQhTmxd.N6zc1Ug83.W.,Alica,Parnham,2
clwPslPMgEFHGaUJK1t1rXpGh,Cletus Pratley,cpratley3j,cpratley3j@opera.com,,,2023-05-29 00:32:03,2023-08-16 15:39:38,$2a$04$CLnEl9txOixm8Dhf10Qeyu4ikQ1CqFB3JTkUhwq8ml0txPJ3NLF/y,Cletus,Pratley,1
clwyqSHE2FVeOIMMEuIuIExD7,Keefe Yancey,kyancey3k,kyancey3k@indiegogo.com,,,2024-05-27 14:03:43,2023-06-29 07:14:59,$2a$04$6sKpwnVmcYxLH/m1zTdnLeT065bcfWzOfJAkkA98rUcgd5HlzU53W,Keefe,Yancey,0
clwDCX1SKrFig23lp6AAm3Ixy,Janith Luscombe,jluscombe3l,jluscombe3l@infoseek.co.jp,,,2024-03-28 14:42:00,2023-11-19 18:13:50,$2a$04$rsInU9wDp.A5DHjLAC6IluJKpMNlmUAd/P4T87YkwuPL2HC1kT6FO,Janith,Luscombe,1
clwjv1ezLRhECKq2uCMSFOHcV,Abelard Rann,arann3m,arann3m@yellowbook.com,,,2023-12-08 16:25:00,2024-03-09 00:47:35,$2a$04$0R3vBv9BUw8gPjC4K7O04.VClQ4ShpZVPBmXDwy9P4Txys9e0UVte,Abelard,Rann,2
clw0UBiTjOPa5LOhrR9kQFtno,Phil Walas,pwalas3n,pwalas3n@bbc.co.uk,,,2024-02-29 01:51:03,2024-03-12 14:10:13,$2a$04$oV3Y2KTz98esqe80D3awkuMv9pw3ZK2ZNi3cFZkJjgVfdlWjVKvpK,Phil,Walas,0
clw3efhWFXRBP23Ub9Bxvhg2Z,Andras Haggis,ahaggis3o,ahaggis3o@wikipedia.org,,,2024-01-23 21:12:45,2024-02-07 04:03:04,$2a$04$tMWGwGh1p01EtW54XGfk.eSQBxW5NDBS4Lq2lhJo.auwpyrR3u73q,Andras,Haggis,1
clw3ZQ9PdHape7GPjR1wyCw22,Duncan Itzkovici,ditzkovici3p,ditzkovici3p@bloomberg.com,,,2023-07-20 20:09:05,2023-11-23 15:42:27,$2a$04$sBKR93YuWlYrja3CiDOuguHc/CUoadoyY4iamtolcp5B1YiQggAGy,Duncan,Itzkovici,3
clwK1dWNuAjxJR3rx3h4jltGf,Fields Shelford,fshelford3q,fshelford3q@intel.com,,,2024-01-03 03:26:37,2024-02-14 20:08:42,$2a$04$DIJIzJlS8B3pGzVFMwfrNuEb/Cc0OufH/wOYzk5Csr6wFvWTpqv86,Fields,Shelford,0
clwXdlRKc6Y2tVpwjuNnPtd4z,Brigg Haythorn,bhaythorn3r,bhaythorn3r@ifeng.com,,,2023-09-02 08:06:58,2023-12-09 17:37:34,$2a$04$Zfp/rakbMrqsnw5Ww3Zk2OCicEpVgiTfHNz/g1dn1s04eSlx8cswe,Brigg,Haythorn,0
clwDOsRlV4DRjiSy2GhQCKAZ2,Eachelle Clyde,eclyde3s,eclyde3s@purevolume.com,,,2023-12-08 17:37:57,2023-07-03 04:44:41,$2a$04$YnN1VOwc/fIcniH0n4XvfOLM/q2Wj3g7/e5x8UUK3MbE8ncadR.um,Eachelle,Clyde,2
clwzYpUEuA0zuh3r211oHSul2,Wanids Spira,wspira3t,wspira3t@vinaora.com,,,2023-10-20 18:41:37,2024-04-04 19:21:16,$2a$04$ypATWm1A9ynWxRy8JXLemuJV407ET8Hm3IPfw0v7Ea8ALarsIH8oq,Wanids,Spira,1
clwncg3I54XEsDoiy8zs3O6Gm,Knox Edlington,kedlington3u,kedlington3u@ask.com,,,2024-04-18 18:30:57,2023-09-21 11:50:40,$2a$04$SgdlpB1juT2cJXsKcH93m.21K0j/DZjMF1apf0TAhdjiFGKC9s06i,Knox,Edlington,1
clwzm3MOAunNqvApbZr5cp2Sc,Debora Skinner,dskinner3v,dskinner3v@google.ca,,,2024-01-24 15:41:46,2024-02-28 20:42:59,$2a$04$JGalQxsMV3u1aw/N1h2EPu556zz2KAxdr2n7Rz0xjR4L8z25pup06,Debora,Skinner,2
clwkzReCWf4cGTav862hfFEd5,Jojo Henrichsen,jhenrichsen3w,jhenrichsen3w@howstuffworks.com,,,2024-04-16 21:07:13,2023-11-16 04:56:06,$2a$04$aYliAHmx2xjaGstQE7VVz.12y4RJyC0h/qZTep.zUGAJm2ZgZ/ea.,Jojo,Henrichsen,2
clwsRhC3WVGP0M35AzLHtWSZP,Lukas Donovan,ldonovan3x,ldonovan3x@ucoz.ru,,,2024-05-01 10:28:57,2023-06-23 08:27:03,$2a$04$sTx9juPJZytRLe/QnUYpe./Pi.5yDC0gn.79RlMlVfcwmeE2zMbYa,Lukas,Donovan,0
clwn7fmt3IkOL7GfFvt219sZc,Ellis Butcher,ebutcher3y,ebutcher3y@europa.eu,,,2024-03-25 08:42:48,2023-10-25 14:17:33,$2a$04$3hN6iClxrvBFCLXFKtHsROMemeNg7nu5XMsALv26O/38yKO577Smi,Ellis,Butcher,1
clwOwbNBERs36EkW7vh2q2lt6,Felicdad Ickovitz,fickovitz3z,fickovitz3z@example.com,,,2024-04-14 21:32:23,2023-11-09 03:35:37,$2a$04$8N3wLhYw67HiuJ1wfnmKkubDiJrfsYhMl33JEN/ccttitjoT9lf9e,Felicdad,Ickovitz,2
clwJRncrWfwUb5WDoBPUKDzUG,Zorah Dixie,zdixie40,zdixie40@dropbox.com,,,2024-05-06 14:44:49,2023-11-06 02:43:14,$2a$04$1yXimR2.zMXa.V.R8zEeuuN3/bPLnakyNjZWzEmdJuxukiNgj.OCm,Zorah,Dixie,0
clwlkV3z1Ge9FQHuZcOr7Ahxx,Kerry Vaulkhard,kvaulkhard41,kvaulkhard41@smugmug.com,,,2023-10-24 06:57:54,2024-05-22 18:07:32,$2a$04$WYeWjTYR8xwgQr0fKTbPNOLF1.0CXVJoY9Nx5zr7HeTEk9y7zt1/y,Kerry,Vaulkhard,3
clwRxG6ZZ9n8h8cI1YEfltvau,Ki Copelli,kcopelli42,kcopelli42@reuters.com,,,2023-07-28 03:21:53,2024-04-06 15:44:05,$2a$04$2JoHyeIVET9exIxsiuLbm.enPM/EQz1opHOgG9DA.SOZeAW46CFz.,Ki,Copelli,0
clwM5yv4aiD4wig2BhH2vo9cp,Vinni Teather,vteather43,vteather43@weebly.com,,,2024-01-05 19:32:31,2024-04-02 00:36:35,$2a$04$NLwdLoya1itjYEb4kKmbJOnmqPC5mDQezUX9lj7ue6MqT3Vg2IjoW,Vinni,Teather,1
clw1KnkO7yMCSkRrdLGCH5GKi,Katlin Ferson,kferson44,kferson44@github.io,,,2023-11-17 17:22:43,2023-12-18 01:34:26,$2a$04$udX8BmA.rSApBD/gI0ZOBeF9pdNAzZKJg1cWkwPnUfokFXgpyg4o.,Katlin,Ferson,2
clwWtuj2kYy6oMTx7wPv4aFaP,Artemis Rains,arains45,arains45@omniture.com,,,2023-10-04 18:24:12,2023-08-04 14:50:32,$2a$04$9mLhrmMhqM5MmJtCkstkKuXkTCmmV9A1cPptgRTotQh7JrWkH5U2y,Artemis,Rains,3
clw3i6wgmpQ5ksMuHoOji5ijp,Elbertina Kirvin,ekirvin46,ekirvin46@dmoz.org,,,2023-06-24 16:16:49,2023-07-05 10:32:52,$2a$04$ogA6iclARyhTNKxqXEO6EertGO9TJrqD5.V.bmPUagLxaa76pHwXW,Elbertina,Kirvin,0
clw6nUGbRluJHFAtzYYN7Bdf7,Max Effnert,meffnert47,meffnert47@bloomberg.com,,,2023-08-11 08:18:55,2024-03-21 13:23:48,$2a$04$u5.Z8anHlsaIyROJDYrbzuSgTLq62KQQQTzmE45W8zAEsVgoI9QSO,Max,Effnert,3
clw9DgrhveRXWCSNwa7uXiBZQ,Matilda Bunson,mbunson48,mbunson48@china.com.cn,,,2023-10-11 08:10:17,2023-07-12 01:45:16,$2a$04$dvidxBKMBLKVsogzMlanbe8Fp3xPV7LpRFw9sde62xQCpzeZuW9re,Matilda,Bunson,1
clwxZc7ba30xSaDl9q0TElpRK,Merci Pipes,mpipes49,mpipes49@java.com,,,2024-01-28 16:24:33,2023-12-30 17:44:10,$2a$04$/RdvejF2bJrZtXiPW2Qx1On5bkKXoa.UI/BPK5YhAns4DWMA9GWhi,Merci,Pipes,0
clwlPWtOz65NWaPQrT1tHBZA2,Judd Tierney,jtierney4a,jtierney4a@phoca.cz,,,2024-01-28 20:17:01,2023-08-24 08:21:25,$2a$04$db0XllJ.CuSHkVrq.VyeYOG3ZddkfT1uVj3uWr1E.2uVPYwQjIZJy,Judd,Tierney,0
clwVVgSCNEu1PBqLvebgavOq7,Emmerich Candie,ecandie4b,ecandie4b@macromedia.com,,,2024-03-09 10:14:07,2024-01-11 01:25:17,$2a$04$YFRfyQ0RetfQmhlcfH9tPOnUbKMr0jlENvqmVQr9KsjeVJ4rwY6SK,Emmerich,Candie,0
clwW9by2pRG5Ild7n1JqYVdxr,Joellen Claque,jclaque4c,jclaque4c@symantec.com,,,2024-02-16 07:01:31,2023-10-23 19:38:26,$2a$04$p8clI31/FixQwe.yTqoBIuZy32gvpBaA4IHWZI/yLzxtVNJuSEGEu,Joellen,Claque,0
clwJl6DMFzLRL9afeRryBQ5kQ,Ambros Jansik,ajansik4d,ajansik4d@netlog.com,,,2023-07-05 11:07:52,2024-03-17 00:07:27,$2a$04$szRfgp8ixD6pBIkWHtcmm.MEXaeljHA.ttPd567kZE0S4lR50DXEy,Ambros,Jansik,2
clwPqXg3uhF0piABnyK7IJgD2,Lacey Hauxley,lhauxley4e,lhauxley4e@census.gov,,,2024-05-24 00:30:08,2023-12-11 22:13:32,$2a$04$XFzZAYN8bXWEH/K5LiOFsuXd3KO/SWVq7ymGQ.R/G.3sLPx58NDhe,Lacey,Hauxley,0
clwSSK8UU0bYmUyWcTHBVThPf,Bradney Beckham,bbeckham4f,bbeckham4f@etsy.com,,,2023-08-13 03:08:15,2023-07-16 14:06:41,$2a$04$lBpxRlR7A/pQT.KKkShCQer4ez5WLavn/OjCUXAYItUygVk5kkkXK,Bradney,Beckham,2
clwpJfsKAZjnYhzqRqL4qLKPo,Murial Levee,mlevee4g,mlevee4g@squidoo.com,,,2024-02-22 07:46:18,2023-08-29 08:02:46,$2a$04$OPbLhX8wQHlWSNcFyNBEte2lcvl6M5RfgNypHBTe/nBecNwO/mpYO,Murial,Levee,3
clw0CJBmIn9l5mKPvIb7PeU6O,Celka Furbank,cfurbank4h,cfurbank4h@live.com,,,2024-03-15 00:23:22,2023-08-17 23:37:49,$2a$04$DieqJKZsEKEKz3RKC26lauJTq3/IU0VPm18U2IzIadLTIw6fFREVC,Celka,Furbank,1
clwh5NldSaPXSjEnyPVv39xg8,Wilone Siret,wsiret4i,wsiret4i@wordpress.org,,,2023-06-12 14:39:31,2024-01-04 11:50:18,$2a$04$W4UMPqZ3Q15wJSkZ4oAR0e6eKuNQXxgDraXzy2D0/3jZOhNApDRm6,Wilone,Siret,0
clwuZrnEK2Gnh432rcpB1voEG,Madelin Tradewell,mtradewell4j,mtradewell4j@icio.us,,,2023-10-25 06:13:47,2024-04-06 00:30:58,$2a$04$1kKq2vxwfmEgVuhNK2cs1espseXTtwreYFKvOIds1qxeSsz15nXWO,Madelin,Tradewell,3
clwELStmSoqcLyYG3GBN60ZhP,Pattie Pointon,ppointon4k,ppointon4k@ft.com,,,2023-10-12 04:18:37,2024-02-17 06:24:16,$2a$04$f4Zz/8HhNE8Pt8YTwkDgyuvoWAlH//LdVxxhGoLj4x2WsNXd2u3ou,Pattie,Pointon,3
clwbUnlFfyqhXQMI2Mg6RcRun,Ada Aiton,aaiton4l,aaiton4l@mashable.com,,,2023-12-13 07:28:42,2024-02-25 08:28:35,$2a$04$BGzCWvwr938HYlhPbDPUE.D5F/1.m.ePX22.GQqLvApVV3MyY8zfi,Ada,Aiton,3
clwwlFyJt2JvsurBV8h1lA7MK,Kennett Inston,kinston4m,kinston4m@prlog.org,,,2023-11-30 21:40:05,2024-03-06 13:44:55,$2a$04$Wjri0OfZ2mm7ZliBXuvD3Oqa8R5CxIHy2TrKtO7GGVibP2JfSCjyi,Kennett,Inston,1
clw9fLQiSJ7YM0s7OOsjnCrpo,Franciskus Forten,fforten4n,fforten4n@who.int,,,2024-05-27 20:11:00,2023-06-08 18:17:46,$2a$04$SyePOnUxhNNwkXTGh4zxNeTVzCWbA6WrK6eQMj8HA5leDVpobS5Ti,Franciskus,Forten,3
clwx9Q5XzCTxE7E5ChgG9jQEf,Normie Dellit,ndellit4o,ndellit4o@mashable.com,,,2023-11-17 23:15:24,2023-08-05 01:43:06,$2a$04$H8wu4y//wAmWr68q7W7pL.4eyKTdZNK9cMzg4UwQrtDZ0vrQ.gG7.,Normie,Dellit,0
clwzGn4vmGoFdLvF4l2onYQUz,Kale Esmond,kesmond4p,kesmond4p@diigo.com,,,2023-07-31 18:40:56,2024-04-22 06:28:06,$2a$04$LbXHX61YZE1fWwmKboSb3uj6gcMQ5GKDr/RAeA4/DQmYV6NgQDuzK,Kale,Esmond,3
clwt8vGWFu31kZW7DmW8XCCrn,Reba Dwerryhouse,rdwerryhouse4q,rdwerryhouse4q@ucoz.ru,,,2023-09-05 02:21:38,2023-10-03 07:19:52,$2a$04$SojEgb/jbkLcbku15MVxeOnDA.X8jkqLFupRc5e.dFn.cH3a6mHIu,Reba,Dwerryhouse,0
clwGBlyUpOhUDqG4meARnIrIL,Elset Parr,eparr4r,eparr4r@skype.com,,,2024-05-06 23:30:32,2024-03-17 16:22:09,$2a$04$dtDPNN9Gymp0ecPtmacAdurH6uf6a9TQCWOWIQuvxOqqXAyZI53ly,Elset,Parr,3
clwPIldvKFqKKdsjpIJY6ZSlW,Noah Aspinall,naspinall4s,naspinall4s@webeden.co.uk,,,2024-01-09 17:49:49,2023-07-28 18:38:05,$2a$04$CwiLnoE03NUh4/B/Nh4pjuXf6A3FDri57CaqEovcWcbKo.4ZyI1dm,Noah,Aspinall,2
clwkUdGXffEkIyPTSTre5335R,Lucinda Ricks,lricks4t,lricks4t@sourceforge.net,,,2023-10-20 07:31:46,2023-11-19 17:26:42,$2a$04$fPFm5ZeR.kmQYuU2HtfgIOvGXz/pbzu4baONAWMX1pTBXjAVIQUkq,Lucinda,Ricks,3
clwL1ob4WmVO7ezq6lSU3cMta,Edyth MacShirrie,emacshirrie4u,emacshirrie4u@un.org,,,2023-10-02 00:47:15,2023-07-31 08:22:11,$2a$04$h98YQ58ycNHJi7JdMVWWt.ix9N0HPiHbrJuYOa0Yn/YdkX4DXqV1q,Edyth,MacShirrie,3
clwy3UR1e5zB4TrHvaDr3B128,Ronnie Bruna,rbruna4v,rbruna4v@google.it,,,2024-02-19 10:05:52,2024-04-10 07:51:14,$2a$04$11CZCOJLNSPvSHlUYE/Bt.YD1qRZVfxSMhXrB7TSBio2a/tOESt82,Ronnie,Bruna,0
clwScrSNFADMfbKYma1MV9XfW,Amaleta Meiklem,ameiklem4w,ameiklem4w@columbia.edu,,,2023-07-26 02:39:48,2024-01-30 19:08:31,$2a$04$14ftI520IJBVMgTpUAE7yexTQbslbCPHr0BPq8j/fYgdy6N92X4VS,Amaleta,Meiklem,3
clw6pvDUMgkyFExaJxA43rdad,Sergeant Slater,sslater4x,sslater4x@studiopress.com,,,2024-02-20 18:59:43,2023-11-04 11:26:23,$2a$04$z1c6Ss9XYIBvN5UAotxan.uEkd0YCJ.0PkdXSbCJl8by.NfCIFkF2,Sergeant,Slater,2
clwdVBkh2vpaesuUsfcc3Fgp8,Demetre Boarer,dboarer4y,dboarer4y@yale.edu,,,2023-09-02 13:34:13,2023-07-31 20:54:43,$2a$04$2c/to6m63rv3ilycVjZo0OtNoOjC/vGiprxTPFpofZ3nky4U1rMVO,Demetre,Boarer,3
clwt4q8ybwRDi5e3YBXkGrivL,Nathanael Tarbard,ntarbard4z,ntarbard4z@behance.net,,,2023-06-24 00:10:58,2023-12-17 06:43:08,$2a$04$GLLtLS8vZuiVKXGJaLpMLu6y6LMqVRdH9z19dfkbAwwUQepYUDtpK,Nathanael,Tarbard,1
clwo9nZrbjSzve8xi9fh8GkeP,Tandie Akers,takers50,takers50@wsj.com,,,2024-02-18 06:48:12,2023-08-27 22:38:30,$2a$04$6NPzkpyCYzoUY7coVXPNveu2Qc6/QKpYw4UHQSW6eIPAKE1tSt.Ma,Tandie,Akers,0
clwj8OFIb692ty4V05GkQPde4,Maia Buckie,mbuckie51,mbuckie51@sbwire.com,,,2023-08-27 08:44:13,2024-03-20 17:21:26,$2a$04$JqY9nGfBDRR96W8W9L1Et.tVLQ0gVzfmCyeYmSTAfvecBkj47SAwC,Maia,Buckie,3
clwUbW7X9KME185e4zrBzfNvt,Shauna Banthorpe,sbanthorpe52,sbanthorpe52@ehow.com,,,2023-07-09 10:07:46,2024-02-20 07:38:17,$2a$04$RHBUMRzuUDIfQ4DVhQ0FoeLLYpOdnuygLcP213GLVfFcrzlasKVJu,Shauna,Banthorpe,0
clw9BxKMM45gqXgc0bU2YRmkD,Amelie Killwick,akillwick53,akillwick53@blog.com,,,2024-02-04 15:49:26,2024-02-25 22:35:40,$2a$04$HJyj69PMTMaYWAP1zJUSf.AO5KMaOTplmZ9j6r7jTAIDP5HVvlUUC,Amelie,Killwick,2
clwAWCXdeMByPIlQRYScOCTCK,Elsy Fearick,efearick54,efearick54@redcross.org,,,2024-03-03 15:14:47,2023-12-10 21:43:48,$2a$04$vM6OIZwv5d2L/xl3CqctwuB2jU.cJ.csfi/W90ZQETPk7yDLKoL9y,Elsy,Fearick,0
clwB5sbFDgZhE6pXpchaVuMBq,Delphinia Clash,dclash55,dclash55@cisco.com,,,2024-05-12 00:07:20,2024-05-23 15:58:19,$2a$04$/zAZXHtnWqyM2shULOWZZeXefDd8QQwQgL4ItHK/LZP7yBm8uaTcq,Delphinia,Clash,0
clwuzGmOj0AVuDyGiNglcoNho,Hermia Gussin,hgussin56,hgussin56@upenn.edu,,,2023-09-13 05:41:03,2023-06-22 17:58:40,$2a$04$AsFF2gw5fXjygANP3htkQu6nnbjmWHrDCcTVIzSBXh0jQv/TNZHxC,Hermia,Gussin,1
clwrhi1gUX5ooSKqAu7ZVHj4h,Sherm Goldsmith,sgoldsmith57,sgoldsmith57@japanpost.jp,,,2023-09-17 06:26:46,2024-03-10 00:24:49,$2a$04$0jDe/8wePo0pmlxXj49GY.7en22/YcwUZaaoD776Gj5.bI8dKrLXi,Sherm,Goldsmith,1
clwe3nnNJ974Z2PZ4mjBt6wIa,Ferrel Goodlud,fgoodlud58,fgoodlud58@wp.com,,,2024-02-11 02:58:30,2023-11-15 17:43:50,$2a$04$Qaklz0SAy6K.Rnb2co8Mt.TPr5r7r.5OUkebHmIJ4NUd/gG/QhFLu,Ferrel,Goodlud,2
clwfZiC0gKrWkx8HqrLZ9ahDE,Job Riley,jriley59,jriley59@examiner.com,,,2024-05-10 00:51:41,2023-12-17 08:29:58,$2a$04$Y2Gw6ytY3LhPJnQfGiunnu2u/rl8VVTXZzYdydmunQ7ueVPtPHuma,Job,Riley,0
clw3q1XDBI1Pucuh4kuNyoBEM,Cherilynn Harbin,charbin5a,charbin5a@1688.com,,,2023-10-18 19:49:15,2024-04-04 15:45:55,$2a$04$bMA7gNsRftUX9w0qiaK49OdiMGQ0YZ8TeWL.q3iNxtKyEt7rE823m,Cherilynn,Harbin,2
clwX7dnVbgrfADfJmft57A1BS,Debor Molloy,dmolloy5b,dmolloy5b@china.com.cn,,,2023-09-25 22:02:57,2024-04-04 05:16:57,$2a$04$8W3YuM4jSHjNOHMnzvIp/O/g38kEPfw3rMFgBTSAh7wHYx1O.MfYa,Debor,Molloy,0
clwus7KPIxQpkIpnboeDKSFGX,Joleen Stanex,jstanex5c,jstanex5c@mayoclinic.com,,,2024-01-20 21:08:05,2023-12-29 23:17:36,$2a$04$DQ/RRqtcw6ND8rV6/AkaseIdfPzodHM3xA2m6KdYGAZvFIYwPaJee,Joleen,Stanex,0
clwmH6V8MCh7M0cIDAMIgKTpm,Janis Stearns,jstearns5d,jstearns5d@tmall.com,,,2023-10-05 14:50:09,2023-08-19 18:59:44,$2a$04$2TkI3khvcDKOeRHmHVt7tusbR.SfwsCdk/8ALlOvEXCX2qjj84Vea,Janis,Stearns,2
clwVMqwladaZPCJxVhD1sgnqv,Willie Hartegan,whartegan5e,whartegan5e@storify.com,,,2024-01-11 09:07:19,2024-01-16 15:49:03,$2a$04$hbKkZrFLM0bQlYS0ILmhnu48DtX8Ya9mbgfYmcOriWzZUFj4pktEi,Willie,Hartegan,0
clwAfrPuAp7OEI3PrspaolSWG,Lacey Antoshin,lantoshin5f,lantoshin5f@amazon.com,,,2023-08-01 06:34:46,2024-03-26 22:22:16,$2a$04$WaODecERjYTRjSp8stI93.kMMCi99nc8iVAxNOb0gh4exhRj7vQ/q,Lacey,Antoshin,2
clwFmkmJxcTlHEfuSTPKWh7p8,Tiffani Itscowics,titscowics5g,titscowics5g@baidu.com,,,2024-02-19 14:24:03,2023-12-10 07:47:26,$2a$04$W8RgSs.y5fmKvlHDS.d/nueX8QIK8QUx.qYpKdQMZt91JhyxiVcA6,Tiffani,Itscowics,3
clwJp5wGzKdDTTEkqhWgD4Je7,Shurlock McGowan,smcgowan5h,smcgowan5h@independent.co.uk,,,2023-11-01 05:46:20,2024-03-06 15:08:27,$2a$04$Xt4p1Ulvkve9oaC8iHfEhO0pmiNlHd1hQvSKgfv0rhHIZ7rmFipuu,Shurlock,McGowan,2
clwLEUbVqlrZrYE5qvKqqIw8U,Betteanne Brierley,bbrierley5i,bbrierley5i@hugedomains.com,,,2023-06-25 09:28:58,2023-08-01 21:39:23,$2a$04$HSfeQfxM.F79o0guQPZ/lucgT3c8Yd4sCKzfp3yCx1s.1hjytfzEi,Betteanne,Brierley,2
clwMwDCOYwFhGS30YNoVJeqkr,Dale Caras,dcaras5j,dcaras5j@discuz.net,,,2024-03-09 20:31:24,2023-10-08 15:33:32,$2a$04$eqqbmCi/lDt5bM8WQw08Eu6NQ6PfAUJEGI2v6BCgSl7cztFkKcIye,Dale,Caras,0